Alabama,Birmingham
Alabama,Montgomery
Alabama,Mobile
Alabama,Huntsville
Alabama,Tuscaloosa
Alaska,Anchorage
Alaska,Fairbanks
Alaska,Juneau
Alaska,Sitka
Alaska,Ketchikan
Arizona,Phoenix
Arizona,Tucson
Arizona,Mesa
Arizona,Chandler
Arizona,Glendale
Arkansas,Little_Rock
Arkansas,Fort_Smith
Arkansas,Fayetteville
Arkansas,Springdale
Arkansas,Jonesboro
California,Los_Angeles
California,San_Diego
California,San_Jose
California,San_Francisco
California,Fresno
Colorado,Denver
Colorado,Colorado_Springs
Colorado,Aurora
Colorado,Fort_Collins
Colorado,Lakewood
Connecticut,Bridgeport
Connecticut,New_Haven
Connecticut,Stamford
Connecticut,Hartford
Connecticut,Waterbury
Delaware,Wilmington
Delaware,Dover
Delaware,Newark
Delaware,Milford
Delaware,Seaford
Florida,Jacksonville
Florida,Miami
Florida,Tampa
Florida,St._Petersburg
Florida,Orlando
Georgia,Atlanta
Georgia,Augusta
Georgia,Columbus
Georgia,Savannah
Georgia,Athens
Hawaii,Honolulu
Hawaii,Hilo
Hawaii,Kailua
Hawaii,Kapolei
Hawaii,Kaneohe
Idaho,Boise
Idaho,Nampa
Idaho,Meridian
Idaho,Idaho_Falls
Idaho,Pocatello
Illinois,Chicago
Illinois,Aurora
Illinois,Rockford
Illinois,Joliet
Illinois,Naperville
Indiana,Indianapolis
Indiana,Fort_Wayne
Indiana,Evansville
Indiana,South_Bend
Indiana,Carmel
Iowa,Des_Moines
Iowa,Cedar_Rapids
Iowa,Davenport
Iowa,Sioux_City
Iowa,Waterloo
Kansas,Wichita
Kansas,Overland_Park
Kansas,Kansas_City
Kansas,Topeka
Kansas,Olathe
Kentucky,Louisville
Kentucky,Lexington
Kentucky,Bowling_Green
Kentucky,Owensboro
Kentucky,Covington
Louisiana,New_Orleans
Louisiana,Baton_Rouge
Louisiana,Shreveport
Louisiana,Lafayette
Louisiana,Lake_Charles
Maine,Portland
Maine,Lewiston
Maine,Bangor
Maine,South_Portland
Maine,Auburn
Maryland,Baltimore
Maryland,Columbia
Maryland,Germantown
Maryland,Silver_Spring
Maryland,Waldorf
Massachusetts,Boston
Massachusetts,Worcester
Massachusetts,Springfield
Massachusetts,Lowell
Massachusetts,Cambridge
Michigan,Detroit
Michigan,Grand_Rapids
Michigan,Warren
Michigan,Sterling_Heights
Michigan,Ann_Arbor
Minnesota,Minneapolis
Minnesota,Saint_Paul
Minnesota,Rochester
Minnesota,Duluth
Minnesota,Bloomington
Mississippi,Jackson
Mississippi,Gulfport
Mississippi,Hattiesburg
Mississippi,Southaven
Mississippi,Biloxi
Missouri,Kansas_City
Missouri,St._Louis
Missouri,Springfield
Missouri,Independence
Missouri,Columbia
Montana,Billings
Montana,Missoula
Montana,Great_Falls
Montana,Bozeman
Montana,Butte
Nebraska,Omaha
Nebraska,Lincoln
Nebraska,Bellevue
Nebraska,Grand_Island
Nebraska,Kearney
Nevada,Las_Vegas
Nevada,Henderson
Nevada,North_Las_Vegas
Nevada,Reno
Nevada,Sparks
New_Hampshire,Manchester
New_Hampshire,Nashua
New_Hampshire,Concord
New_Hampshire,Derry
New_Hampshire,Rochester
New_Jersey,Newark
New_Jersey,Jersey_City
New_Jersey,Paterson
New_Jersey,Elizabeth
New_Jersey,Edison
New_Mexico,Albuquerque
New_Mexico,Las_Cruces
New_Mexico,Rio_Rancho
New_Mexico,Santa_Fe
New_Mexico,Roswell
New_York,New_York_City
New_York,Buffalo
New_York,Rochester
New_York,Yonkers
New_York,Syracuse
North_Carolina,Charlotte
North_Carolina,Raleigh
North_Carolina,Greensboro
North_Carolina,Durham
North_Carolina,Winston-Salem
North_Dakota,Fargo
North_Dakota,Bismarck
North_Dakota,Grand_Forks
North_Dakota,Minot
North_Dakota,West_Fargo
Ohio,Columbus
Ohio,Cleveland
Ohio,Cincinnati
Ohio,Toledo
Ohio,Akron
Oklahoma,Oklahoma_City
Oklahoma,Tulsa
Oklahoma,Norman
Oklahoma,Broken_Arrow
Oklahoma,Lawton
Oregon,Portland
Oregon,Salem
Oregon,Eugene
Oregon,Gresham
Oregon,Hillsboro
Pennsylvania,Philadelphia
Pennsylvania,Pittsburgh
Pennsylvania,Allentown
Pennsylvania,Erie
Pennsylvania,Reading
Rhode_Island,Providence
Rhode_Island,Warwick
Rhode_Island,Cranston
Rhode_Island,Pawtucket
Rhode_Island,East_Providence
South_Carolina,Columbia
South_Carolina,Charleston
South_Carolina,North_Charleston
South_Carolina,Mount_Pleasant
South_Carolina,Rock_Hill
South_Dakota,Sioux_Falls
South_Dakota,Rapid_City
South_Dakota,Aberdeen
South_Dakota,Brookings
South_Dakota,Watertown
Tennessee,Memphis
Tennessee,Nashville
Tennessee,Knoxville
Tennessee,Chattanooga
Tennessee,Clarksville
Texas,Houston
Texas,San_Antonio
Texas,Dallas
Texas,Austin
Texas,Fort_Worth
Utah,Salt_Lake_City
Utah,West_Valley_City
Utah,Provo
Utah,West_Jordan
Utah,Orem
Vermont,Burlington
Vermont,Essex
Vermont,South_Burlington
Vermont,Colchester
Vermont,Rutland
Virginia,Virginia_Beach
Virginia,Norfolk
Virginia,Chesapeake
Virginia,Richmond
Virginia,Newport_News
Washington,Seattle
Washington,Spokane
Washington,Tacoma
Washington,Vancouver
Washington,Bellevue
West_Virginia,Charleston
West_Virginia,Huntington
West_Virginia,Parkersburg
West_Virginia,Morgantown
West_Virginia,Wheeling
Wisconsin,Milwaukee
Wisconsin,Madison
Wisconsin,Green_Bay
Wisconsin,Kenosha
Wisconsin,Racine
Wyoming,Cheyenne
Wyoming,Casper
Wyoming,Laramie
Wyoming,Gillette
Wyoming,Rock_Springs
